menu_date,titre_plat,prix,category,recette,image_url
2026-09-22 16:11:45.524059,Plat côté Terre,3300,PLAT,"Pastilla et gigot d'agneau,jus aux épices.houmous,taboulé,chimichurri,salade de concombre-yaourt-menthe",https://auptitcafe.nc/wp-content/uploads/2026/09/APC-Photo-sur-place_1-1280x720.jpg
2026-09-22 16:11:45.524059,Plat côté Mer,3300,PLAT,"Filet de rouget,jus bouillabaisse,risotto verdé,betteraves rôties aux noisettes,bille mozzarella,salade d'herbes.",https://auptitcafe.nc/wp-content/uploads/2026/09/APC-Photo-sur-place_2-1280x720.jpg
2026-09-22 16:11:45.524059,Plat végétarien,2950,PLAT,"Houmous,betteraves rôties aux noisettes,taboulé,salade de concombre-yaourt-menthe,bille mozzarella,salade d'herbes.",https://auptitcafe.nc/wp-content/uploads/2026/09/APC-Photo-sur-place_3-1280x720.jpg
2026-09-22 16:11:45.524059,Salade du mois,2750,PLAT,"Salade mélangée, tentacule croustillante, croûton-parmesan-oeuf, sauce césar.",https://auptitcafe.nc/wp-content/uploads/2026/08/260831-SUR-PLACE_4-1280x720.jpg
2026-09-22 16:11:45.524059,Sugestion du soir,3300,PLAT,"Longe de porc façon Orloff,jus aux champignons,polenta crémeuse,citrouille rôtie,salade mélangée.",https://auptitcafe.nc/wp-content/uploads/2026/06/IMAGE-NEUTRE-1280x720.jpg
2026-09-22 16:11:45.524059,ALASKA,1200,DESSERT,"Brownies chocolat noir,glace stracciatella,meringue italienne.",https://auptitcafe.nc/wp-content/uploads/2026/09/APC-Photo-sur-place_5-1280x720.jpg
2026-09-22 16:11:45.524059,CHOU,1200,DESSERT,"Chou craquelin à la crème pâtissière fraise ,sorbet letchi, figue rôtie, coulis de fruits rouges.",https://auptitcafe.nc/wp-content/uploads/2026/09/APC-Photo-sur-place_6-1280x720.jpg
2026-09-22 16:11:45.524059,L'incontournable,1200,DESSERT,"Le cheese-cake maison du p’tit café, à la mangue et au fruit de la passion",https://auptitcafe.nc/wp-content/uploads/2026/06/260609-SUR-PLACE_7-1280x720.jpg
2026-09-22 16:11:45.524059,Le café gourmand,1100,DESSERT,"C’est une bonne alternative, servi avec 3 minis desserts du jour",https://auptitcafe.nc/wp-content/uploads/2026/06/APC-MENU-DU-MARDI07-1280x720.jpg
